{"cameraMode":{"drawMode":0,"name":"Shaded","section":"Shading Mode"},"sceneLighting":true,"audioPlay":false,"sceneViewState":{"m_AlwaysRefresh":false,"showFog":true,"showSkybox":true,"showFlares":true,"showImageEffects":true,"showParticleSystems":true,"showVisualEffectGraphs":true,"m_FxEnabled":true},"in2DMode":false,"pivot":{"x":-0.6213561296463013,"y":2.593717575073242,"z":-15.10041618347168},"rotation":{"x":0.32913950085639956,"y":-0.00566471554338932,"z":0.0019760937429964544,"w":0.9442667961120606},"size":14.214259147644043,"orthographic":false}